{
	"name": "petersDice",
	"title": "Dice So Nice - Peter's very own Dice Set",
	"description": "Adds a set of 3D dice in the style of Peter's Wet Dreams to Dice-So-Nice ",
	"version": "0.0.4",
	"minimumCoreVersion": "0.7.2",
	"compatibleCoreVersion": "9",
	"author": "Michael_Upton",
	"dependencies": [
		{
			"type": "module",
			"name": "dice-so-nice"
		}
	],
	"scripts": [
		"petersDice.js"
	],
	"url": "https://github.com/michael-upton97/PetersDice",
	"manifest": "https://raw.githubusercontent.com/michael-upton97/PetersDice/main/module.json",
	"download": "https://github.com/michael-upton97/PetersDice/raw/main/PetersDice.zip"
}